City_ID,City,Country,Date,Lat,Lng,Max Temp,Humidity,Cloudiness,Wind Speed
0,Dikson,RU,2020-06-18 22:28:31,73.51,80.55,32.94,98,90,17.05
1,Esperance,AU,2020-06-18 22:28:31,-33.87,121.9,46.4,100,40,10.29
2,Jamestown,US,2020-06-18 22:24:52,42.1,-79.24,80.6,39,20,9.17
3,Nanortalik,GL,2020-06-18 22:28:32,60.14,-45.24,39.76,82,87,6.31
4,Kahului,US,2020-06-18 22:28:32,20.89,-156.47,91.4,41,20,24.16
5,San Cristobal,VE,2020-06-18 22:26:27,7.77,-72.22,75.2,94,75,4.7
6,Clinton,US,2020-06-18 22:28:32,42.59,-82.92,87.01,42,75,7.45
7,Avarua,CK,2020-06-18 22:27:30,-21.21,-159.78,75.2,64,73,10.29
8,Sao Filipe,CV,2020-06-18 22:24:39,14.9,-24.5,80.28,63,0,13.56
9,Port Alfred,ZA,2020-06-18 22:26:23,-33.59,26.89,62.33,53,0,12.41
10,Fairbanks,US,2020-06-18 22:23:38,64.84,-147.72,75.0,31,1,3.36
11,Georgetown,MY,2020-06-18 22:28:06,5.41,100.34,80.6,88,20,3.36
12,Albany,US,2020-06-18 22:23:43,42.6,-73.97,87.01,51,56,1.01
13,Neuquen,AR,2020-06-18 22:28:33,-38.95,-68.06,59.0,38,100,17.22
14,Sorland,NO,2020-06-18 22:24:46,67.67,12.69,47.98,84,0,22.5
15,Pytalovo,RU,2020-06-18 22:28:34,57.07,27.91,66.45,88,0,3.36
16,Tasiilaq,GL,2020-06-18 22:28:34,65.61,-37.64,42.8,75,100,47.2
17,Harnosand,SE,2020-06-18 22:28:34,62.63,17.94,62.01,100,0,3.36
18,Cape Town,ZA,2020-06-18 22:23:36,-33.93,18.42,63.0,44,0,3.36
19,Saint Anthony,US,2020-06-18 22:28:35,45.02,-93.22,84.2,65,90,3.36
20,Port Lavaca,US,2020-06-18 22:28:35,28.61,-96.63,91.4,63,40,16.11
21,Olafsvik,IS,2020-06-18 22:28:35,64.89,-23.71,48.94,76,99,13.65
22,Ormara,PK,2020-06-18 22:28:35,25.21,64.64,83.82,84,13,7.16
23,Nikolskoye,RU,2020-06-18 22:26:44,59.7,30.79,66.2,77,75,2.24
24,Punta Arenas,CL,2020-06-18 22:28:36,-53.15,-70.92,39.2,86,90,13.87
25,Polson,US,2020-06-18 22:24:13,47.69,-114.16,68.0,52,7,3.31
26,Novoaleksandrovsk,RU,2020-06-18 22:28:36,45.49,41.22,64.09,71,8,8.34
27,Hobart,AU,2020-06-18 22:24:03,-42.88,147.33,39.2,93,75,5.82
28,Shinyanga,TZ,2020-06-18 22:28:36,-3.67,33.43,70.54,56,84,9.28
29,Mataura,NZ,2020-06-18 22:27:11,-46.19,168.86,39.0,83,0,3.0
30,Santa Luzia,BR,2020-06-18 22:27:56,-19.77,-43.85,62.6,72,1,9.17
31,Fasano,IT,2020-06-18 22:28:37,40.83,17.36,73.0,93,5,3.36
32,Sao Miguel Do Araguaia,BR,2020-06-18 22:28:37,-13.28,-50.16,74.64,60,3,4.43
33,Lethem,GY,2020-06-18 22:28:37,3.38,-59.8,79.57,86,75,2.21
34,Provideniya,RU,2020-06-18 22:26:52,64.38,-173.3,57.2,62,2,8.95
35,Tukrah,LY,2020-06-18 22:28:38,32.53,20.58,72.34,46,0,2.35
36,Dunmore,US,2020-06-18 22:28:38,41.42,-75.63,75.2,69,1,4.7
37,Port Moresby,PG,2020-06-18 22:28:38,-9.44,147.18,73.4,94,40,5.82
38,Kapaa,US,2020-06-18 22:27:08,22.08,-159.32,80.6,78,90,19.46
39,Aksarka,RU,2020-06-18 22:28:38,66.56,67.8,38.86,77,76,2.46
40,East London,ZA,2020-06-18 22:26:10,-33.02,27.91,63.41,67,0,15.01
41,Bluff,NZ,2020-06-18 22:28:39,-46.6,168.33,39.0,83,0,3.0
42,Brora,GB,2020-06-18 22:25:22,58.01,-3.85,55.99,93,100,4.7
43,Yellowknife,CA,2020-06-18 22:26:36,62.46,-114.35,64.4,42,5,18.34
44,Shingu,JP,2020-06-18 22:27:40,33.73,135.98,68.49,97,100,2.53
45,Butaritari,KI,2020-06-18 22:26:44,3.07,172.79,83.32,60,99,1.5
46,Hithadhoo,MV,2020-06-18 22:27:26,-0.6,73.08,84.38,75,91,9.62
47,Juneau,US,2020-06-18 22:27:41,58.3,-134.42,53.6,87,90,3.85
48,Busselton,AU,2020-06-18 22:28:27,-33.65,115.33,51.71,76,46,3.27
49,Lebu,CL,2020-06-18 22:26:13,-37.62,-73.65,54.46,88,100,14.36
50,Ulladulla,AU,2020-06-18 22:28:32,-35.35,150.47,46.0,100,0,6.22
51,Bambous Virieux,MU,2020-06-18 22:26:00,-20.34,57.76,71.01,83,75,13.87
52,Port Lincoln,AU,2020-06-18 22:27:47,-34.73,135.87,56.73,85,70,18.9
53,Chokurdakh,RU,2020-06-18 22:26:03,70.63,147.92,78.93,34,68,5.17
54,Rikitea,PF,2020-06-18 22:26:22,-23.12,-134.97,75.67,85,100,15.82
55,Port Macquarie,AU,2020-06-18 22:28:41,-31.43,152.92,55.0,98,72,2.51
56,Montepuez,MZ,2020-06-18 22:28:42,-13.13,39.0,62.6,92,9,7.63
57,Lasa,IT,2020-06-18 22:28:42,46.62,10.7,48.2,87,75,8.05
58,Nome,US,2020-06-18 22:26:36,64.5,-165.41,53.6,81,40,11.41
59,Ucluelet,CA,2020-06-18 22:25:33,48.93,-125.55,64.99,72,75,10.29
60,Nara,JP,2020-06-18 22:28:13,34.69,135.8,64.99,100,75,5.82
61,Tual,ID,2020-06-18 22:28:43,-5.67,132.75,80.92,83,83,22.91
62,Castro,BR,2020-06-18 22:24:57,-24.79,-50.01,58.06,94,100,4.47
63,Carahue,CL,2020-06-18 22:28:43,-38.7,-73.17,51.8,93,20,9.17
64,Vaini,TO,2020-06-18 22:28:43,-21.2,-175.2,75.2,78,20,12.75
65,Port Elizabeth,ZA,2020-06-18 22:23:59,-33.92,25.57,50.0,87,0,9.4
66,Alyangula,AU,2020-06-18 22:28:44,-13.85,136.42,69.8,100,5,2.24
67,Tambopata,PE,2020-06-18 22:28:44,-12.73,-69.18,80.89,71,100,2.59
68,Ushuaia,AR,2020-06-18 22:28:05,-54.8,-68.3,33.8,74,22,4.7
69,Neryungri,RU,2020-06-18 22:28:44,56.67,124.65,55.54,69,71,8.55
70,Sitka,US,2020-06-18 22:26:37,57.05,-135.33,53.6,93,75,5.82
71,Clyde River,CA,2020-06-18 22:28:27,70.47,-68.59,33.8,86,90,10.29
72,Barrow,US,2020-06-18 22:25:30,71.29,-156.79,46.4,65,1,8.05
73,Qaanaaq,GL,2020-06-18 22:27:22,77.48,-69.36,34.61,86,0,2.01
74,Katsuura,JP,2020-06-18 22:28:45,35.13,140.3,64.4,100,75,4.7
75,Midland,US,2020-06-18 22:23:58,32.0,-102.08,104.0,12,1,11.41
76,Rupert,US,2020-06-18 22:28:46,42.62,-113.68,69.8,35,20,5.82
77,At-Bashi,KG,2020-06-18 22:28:46,41.17,75.81,44.92,64,68,1.21
78,Saskylakh,RU,2020-06-18 22:26:45,71.92,114.08,69.73,49,10,7.78
79,Taoudenni,ML,2020-06-18 22:28:46,22.68,-3.98,102.7,10,21,10.51
80,Asau,RO,2020-06-18 22:27:59,46.43,26.4,61.0,96,25,4.09
81,Fershampenuaz,RU,2020-06-18 22:28:47,53.52,59.81,45.72,80,10,6.08
82,San Patricio,MX,2020-06-18 22:28:47,19.22,-104.7,84.2,79,5,13.87
83,Charters Towers,AU,2020-06-18 22:28:47,-20.1,146.27,59.09,87,0,11.68
84,Cidreira,BR,2020-06-18 22:28:25,-30.18,-50.21,68.34,88,87,8.9
85,Russell,US,2020-06-18 22:28:48,32.35,-85.2,86.0,45,40,3.6
86,Marsa Matruh,EG,2020-06-18 22:27:50,31.35,27.25,69.8,73,0,6.93
87,Klaksvik,FO,2020-06-18 22:28:48,62.23,-6.59,50.0,93,100,5.82
88,Hilo,US,2020-06-18 22:26:05,19.73,-155.09,84.2,58,75,10.29
89,Bethel,US,2020-06-18 22:26:16,41.37,-73.41,77.0,69,1,8.05
90,New Norfolk,AU,2020-06-18 22:28:48,-42.78,147.06,39.0,88,100,2.17
91,Soe,ID,2020-06-18 22:28:49,-9.86,124.28,65.5,100,76,3.74
92,Tiksi,RU,2020-06-18 22:28:26,71.69,128.87,52.12,74,100,2.48
93,Yar-Sale,RU,2020-06-18 22:28:45,66.83,70.83,37.02,79,27,12.03
94,Portovelo,EC,2020-06-18 22:28:49,-3.72,-79.62,73.29,71,75,4.52
95,Kulhudhuffushi,MV,2020-06-18 22:28:49,6.62,73.07,83.97,77,68,11.77
96,Sibundoy,CO,2020-06-18 22:28:50,1.2,-76.92,62.98,82,65,3.53
97,Matara,LK,2020-06-18 22:25:31,5.95,80.54,80.19,88,80,9.01
98,Mnogovershinnyy,RU,2020-06-18 22:28:50,53.94,139.92,44.55,85,91,3.13
99,Ambilobe,MG,2020-06-18 22:28:50,-13.2,49.05,71.56,67,58,1.83
100,Ponta Do Sol,PT,2020-06-18 22:28:50,32.67,-17.1,69.8,73,20,8.05
101,Itarema,BR,2020-06-18 22:28:51,-2.92,-39.92,78.89,79,23,11.34
102,Hit,IQ,2020-06-18 22:28:51,33.64,42.83,86.85,16,0,12.03
103,Sao Raimundo Nonato,BR,2020-06-18 22:28:51,-9.02,-42.7,76.91,55,5,6.46
104,Altamira,BR,2020-06-18 22:28:51,-3.2,-52.21,86.0,62,20,2.24
105,Arosa,CH,2020-06-18 22:28:51,46.78,9.68,46.99,100,75,6.93
106,Novyy Svit,UA,2020-06-18 22:28:52,47.81,38.02,69.48,50,88,9.06
107,Durban,ZA,2020-06-18 22:28:52,-29.86,31.03,55.99,87,30,3.36
108,Kalemie,CD,2020-06-18 22:28:52,-5.95,29.19,68.85,68,39,2.1
109,Charlottesville,US,2020-06-18 22:28:52,38.03,-78.48,77.0,61,75,8.05
110,Teguise,ES,2020-06-18 22:28:52,29.06,-13.56,73.4,73,20,17.22
111,Roma,US,2020-06-18 22:24:16,43.21,-75.46,88.0,38,1,4.23
112,Chota,PE,2020-06-18 22:28:53,-6.55,-78.65,64.4,52,40,4.7
113,Doha,QA,2020-06-18 22:28:00,25.29,51.53,95.0,28,0,6.93
114,Banjar,ID,2020-06-18 22:28:53,-8.19,114.97,80.6,94,40,14.99
115,Bonoua,CI,2020-06-18 22:28:25,5.27,-3.6,80.6,83,20,6.93
116,Hoi An,VN,2020-06-18 22:28:54,15.88,108.33,80.6,78,20,3.36
117,Zhezkazgan,KZ,2020-06-18 22:28:54,47.8,67.71,62.74,74,73,14.79
118,Nouadhibou,MR,2020-06-18 22:24:35,20.93,-17.03,71.6,78,0,16.11
119,Maniitsoq,GL,2020-06-18 22:26:35,65.42,-52.9,40.53,80,0,16.44
120,Namibe,AO,2020-06-18 22:28:32,-15.2,12.15,72.03,63,3,7.65
121,Estevan,CA,2020-06-18 22:28:54,49.13,-102.98,51.8,87,90,17.22
122,Bredasdorp,ZA,2020-06-18 22:26:23,-34.53,20.04,44.6,93,0,5.08
123,Tuktoyaktuk,CA,2020-06-18 22:26:52,69.45,-133.04,44.6,81,40,9.17
124,Hulan,CN,2020-06-18 22:28:55,45.98,126.6,62.6,72,4,6.71
125,Leshukonskoye,RU,2020-06-18 22:26:57,64.9,45.76,53.17,67,94,5.88
126,Methoni,GR,2020-06-18 22:28:56,36.82,21.7,71.01,82,0,5.82
127,Tuatapere,NZ,2020-06-18 22:26:55,-46.13,167.68,39.0,83,17,3.0
128,Saint-Philippe,RE,2020-06-18 22:28:56,-21.36,55.77,71.6,77,75,23.04
129,Geraldton,AU,2020-06-18 22:28:56,-28.77,114.6,50.0,81,0,10.29
130,Bokoro,TD,2020-06-18 22:28:56,12.38,17.06,91.04,40,38,5.37
131,Batemans Bay,AU,2020-06-18 22:28:57,-35.72,150.18,43.0,100,8,5.57
132,Jardim,BR,2020-06-18 22:28:57,-21.48,-56.14,74.77,63,73,4.81
133,Tiarei,PF,2020-06-18 22:28:57,-17.53,-149.33,82.4,74,75,2.24
134,Arraial Do Cabo,BR,2020-06-18 22:26:22,-22.97,-42.03,73.4,78,13,13.87
135,Atuona,PF,2020-06-18 22:28:27,-9.8,-139.03,80.24,75,13,11.88
136,Monte Patria,CL,2020-06-18 22:28:58,-30.69,-70.95,61.18,39,100,1.1
137,Serra,BR,2020-06-18 22:27:07,-20.13,-40.31,71.01,94,2,2.24
138,Labuan,MY,2020-06-18 22:28:58,5.28,115.24,78.8,94,75,2.24
139,Karpathos,GR,2020-06-18 22:28:58,35.51,27.21,71.6,83,0,24.16
140,Kodiak,US,2020-06-18 22:25:56,57.79,-152.41,51.8,76,90,9.17
141,Sale,MA,2020-06-18 22:28:59,34.04,-6.82,69.01,68,40,6.93
142,Alice Springs,AU,2020-06-18 22:25:19,-23.7,133.88,52.0,56,0,4.7
143,Ndola,ZM,2020-06-18 22:28:59,-12.96,28.64,50.36,80,0,5.99
144,Dingle,PH,2020-06-18 22:29:00,11.0,122.67,74.88,95,100,8.95
145,Adrar,MR,2020-06-18 22:26:30,20.5,-10.07,98.87,16,61,15.28
146,Port Blair,IN,2020-06-18 22:24:12,11.67,92.75,82.6,83,99,12.12
147,Hermanus,ZA,2020-06-18 22:29:00,-34.42,19.23,61.68,50,0,9.26
148,Sao Mateus,BR,2020-06-18 22:29:00,-18.72,-39.86,71.42,86,43,4.09
149,Macklin,CA,2020-06-18 22:29:00,52.33,-109.93,58.39,47,66,9.28
150,Guerrero Negro,MX,2020-06-18 22:29:01,27.98,-114.06,72.7,50,1,17.13
151,Tazovskiy,RU,2020-06-18 22:25:29,67.47,78.7,37.11,77,0,11.23
152,Bandarbeyla,SO,2020-06-18 22:29:01,9.49,50.81,80.19,72,70,30.71
153,Alofi,NU,2020-06-18 22:29:01,-19.06,-169.92,77.0,61,40,21.92
154,Puerto Ayora,EC,2020-06-18 22:27:22,-0.74,-90.35,82.4,51,75,20.8
155,Canmore,CA,2020-06-18 22:25:06,51.08,-115.35,57.2,67,75,9.17
156,Ribeira Grande,PT,2020-06-18 22:29:02,38.52,-28.7,64.4,88,75,5.82
157,Ulaangom,MN,2020-06-18 22:29:02,49.98,92.07,59.59,48,1,4.76
158,Udachnyy,RU,2020-06-18 22:28:10,66.42,112.4,60.8,55,75,6.71
159,Angoche,MZ,2020-06-18 22:29:02,-16.23,39.91,69.89,88,0,9.69
160,Sonoita,MX,2020-06-18 22:29:02,31.85,-112.83,96.01,12,0,5.99
161,Koungheul,SN,2020-06-18 22:29:03,13.98,-14.8,97.86,30,2,7.92
162,Aykhal,RU,2020-06-18 22:26:14,66.0,111.5,60.8,55,75,6.71
163,Buin,CL,2020-06-18 22:29:03,-33.73,-70.75,50.0,87,75,2.55
164,Seybaplaya,MX,2020-06-18 22:29:03,19.65,-90.67,80.6,83,75,11.41
165,Hindaun,IN,2020-06-18 22:29:04,26.72,77.02,96.04,34,84,14.94
166,Hanzhong,CN,2020-06-18 22:29:04,33.07,107.03,67.15,78,65,0.67
167,Katherine,AU,2020-06-18 22:29:04,-14.47,132.27,62.6,88,2,5.82
168,Mossendjo,CG,2020-06-18 22:29:04,-2.95,12.73,67.62,95,86,2.53
169,Hambantota,LK,2020-06-18 22:28:35,6.12,81.12,78.8,100,75,6.93
170,Matay,EG,2020-06-18 22:29:05,28.42,30.78,72.57,61,0,14.27
171,Maple Creek,CA,2020-06-18 22:29:05,49.92,-109.48,55.92,51,82,10.94
172,Waipawa,NZ,2020-06-18 22:26:54,-41.41,175.52,53.01,100,100,24.16
173,Gat,IL,2020-06-18 22:29:05,31.61,34.76,73.99,80,8,5.61
174,Stornoway,GB,2020-06-18 22:29:05,58.21,-6.39,57.99,93,71,8.05
175,Cortez,US,2020-06-18 22:29:06,37.35,-108.59,82.4,14,1,11.41
176,Sheffield,GB,2020-06-18 22:24:21,53.38,-1.47,55.0,99,66,4.72
177,Kichera,RU,2020-06-18 22:28:37,55.94,110.1,55.04,53,0,4.12
178,Cherskiy,RU,2020-06-18 22:27:17,68.75,161.3,74.16,30,0,8.41
179,Palana,RU,2020-06-18 22:26:43,59.12,159.97,49.37,88,43,3.78
180,Sulangan,PH,2020-06-18 22:26:34,11.14,123.72,79.52,82,100,13.38
181,Nykoping,SE,2020-06-18 22:29:07,58.75,17.01,53.6,93,0,1.88
182,Upernavik,GL,2020-06-18 22:29:07,72.79,-56.15,36.43,81,0,11.7
183,Santarem,BR,2020-06-18 22:29:07,-2.44,-54.71,82.29,70,80,3.91
184,Aklavik,CA,2020-06-18 22:26:07,68.22,-135.01,60.8,67,40,5.82
185,Havoysund,NO,2020-06-18 22:24:45,71.0,24.66,42.8,87,75,18.34
186,Pedernales,DO,2020-06-18 22:28:33,18.04,-71.74,91.4,55,20,11.41
187,Kaitangata,NZ,2020-06-18 22:29:08,-46.28,169.85,46.99,63,16,1.99
188,Chake Chake,TZ,2020-06-18 22:29:08,-5.25,39.77,77.04,79,6,14.61
189,Grindavik,IS,2020-06-18 22:29:04,63.84,-22.43,50.0,81,75,18.34
190,Mareeba,AU,2020-06-18 22:25:57,-17.0,145.43,69.01,93,46,3.0
191,Tarakan,ID,2020-06-18 22:29:09,3.3,117.63,80.4,84,99,5.46
192,Aasiaat,GL,2020-06-18 22:29:09,68.71,-52.87,37.49,81,1,9.53
193,Fortuna,US,2020-06-18 22:29:10,40.6,-124.16,68.0,68,20,12.75
194,Komsomolskiy,UZ,2020-06-18 22:26:38,40.43,71.72,68.0,45,41,6.93
195,Kalnibolotskaya,RU,2020-06-18 22:29:10,46.01,40.46,71.01,71,68,8.41
196,Deer Lake,CA,2020-06-18 22:29:10,49.17,-57.43,62.6,88,90,8.05
197,Jeremie,HT,2020-06-18 22:29:10,18.65,-74.12,84.42,67,33,4.56
198,San Jose,US,2020-06-18 22:27:39,37.34,-121.89,93.99,15,40,13.87
199,Panzhihua,CN,2020-06-18 22:29:11,26.59,101.71,71.64,75,69,1.5
200,San Policarpo,PH,2020-06-18 22:29:11,12.18,125.51,77.41,86,94,4.68
201,Seremban,MY,2020-06-18 22:29:11,2.73,101.94,77.0,94,20,3.36
202,Erdenet,MN,2020-06-18 22:29:12,49.03,104.08,54.63,89,67,0.85
203,Lompoc,US,2020-06-18 22:29:12,34.64,-120.46,69.01,72,1,13.87
204,Poum,NC,2020-06-18 22:29:12,-20.23,164.02,74.37,76,99,14.0
205,Iquique,CL,2020-06-18 22:29:12,-20.22,-70.14,62.6,72,90,3.36
206,Makakilo City,US,2020-06-18 22:26:12,21.35,-158.09,86.0,61,40,14.99
207,Ordynskoye,RU,2020-06-18 22:29:13,54.37,81.9,53.1,95,90,11.39
208,Maceio,BR,2020-06-18 22:29:13,-9.67,-35.74,73.4,88,20,2.24
209,Laramie,US,2020-06-18 22:29:06,41.31,-105.59,66.0,23,1,8.05
210,Spornoye,RU,2020-06-18 22:29:13,50.84,37.29,69.8,68,48,6.71
211,Barahona,DO,2020-06-18 22:29:14,18.21,-71.1,91.4,55,20,11.41
212,Iqaluit,CA,2020-06-18 22:29:14,63.75,-68.51,41.0,60,75,17.22
213,Linjiang,CN,2020-06-18 22:25:09,41.81,126.91,62.51,77,0,0.74
214,Herat,AF,2020-06-18 22:29:14,34.5,62.0,71.6,25,0,4.7
215,Carnarvon,AU,2020-06-18 22:26:31,-24.87,113.63,53.6,81,0,6.93
216,Malartic,CA,2020-06-18 22:25:02,48.13,-78.13,87.8,19,5,6.93
217,Tateyama,JP,2020-06-18 22:29:15,34.98,139.87,64.4,100,75,4.7
218,San Vicente,AR,2020-06-18 22:29:15,-26.62,-54.13,65.7,88,32,3.31
219,Luderitz,NA,2020-06-18 22:29:15,-26.65,15.16,71.6,24,0,5.82
220,Yakeshi,CN,2020-06-18 22:29:15,49.28,120.73,55.98,88,91,3.56
221,Mackay,AU,2020-06-18 22:29:15,-21.15,149.2,66.2,82,75,16.11
222,Constitucion,CL,2020-06-18 22:28:13,-35.33,-72.42,55.24,90,100,27.13
223,Yerbogachen,RU,2020-06-18 22:25:32,61.28,108.01,57.78,62,92,1.83
224,Port Hedland,AU,2020-06-18 22:26:25,-20.32,118.57,60.8,100,0,5.82
225,Bada,RU,2020-06-18 22:29:16,51.39,109.87,56.79,66,9,1.36
226,Khatanga,RU,2020-06-18 22:29:16,71.97,102.5,52.99,57,66,11.05
227,Senanga,ZM,2020-06-18 22:29:16,-16.12,23.27,51.31,65,0,5.73
228,Shagonar,RU,2020-06-18 22:29:17,51.53,92.8,52.84,72,22,0.69
229,Vao,NC,2020-06-18 22:29:17,-22.67,167.48,71.8,79,78,14.23
230,Lukovetskiy,RU,2020-06-18 22:29:17,64.3,41.92,60.8,55,20,4.47
231,Bilma,NE,2020-06-18 22:28:30,18.69,12.92,88.74,18,0,3.96
232,Sassandra,CI,2020-06-18 22:29:17,4.95,-6.08,76.71,89,100,8.05
233,Smithers,CA,2020-06-18 22:29:18,54.78,-127.17,68.0,64,90,6.93
234,Kabanjahe,ID,2020-06-18 22:29:18,3.1,98.49,77.0,100,40,3.36
235,Northam,GB,2020-06-18 22:26:29,51.03,-4.22,57.0,100,100,8.99
236,Zabol,AF,2020-06-18 22:29:18,32.25,67.25,67.01,22,0,3.6
237,Kimbe,PG,2020-06-18 22:29:18,-5.55,150.14,80.65,76,3,4.29
238,Ancud,CL,2020-06-18 22:26:40,-41.87,-73.82,48.2,93,90,9.17
239,Lodja,CD,2020-06-18 22:28:12,-3.48,23.43,68.68,53,13,1.03
240,Talnakh,RU,2020-06-18 22:26:24,69.49,88.4,42.8,81,94,13.42
241,Merauke,ID,2020-06-18 22:29:19,-8.47,140.33,79.16,76,77,16.44
242,Lavrentiya,RU,2020-06-18 22:28:24,65.58,-171.0,52.61,58,0,5.1
243,Weyburn,CA,2020-06-18 22:29:19,49.67,-103.85,50.0,82,100,18.99
244,Nakamura,JP,2020-06-18 22:29:19,32.98,132.93,75.06,94,100,6.58
245,Kruisfontein,ZA,2020-06-18 22:27:37,-34.0,24.73,56.86,43,0,6.76
246,Kampot,KH,2020-06-18 22:29:20,10.62,104.18,80.6,88,20,3.36
247,Korla,CN,2020-06-18 22:29:20,41.76,86.15,74.62,27,47,14.97
248,Adwa,ET,2020-06-18 22:29:20,14.16,38.9,64.38,68,79,0.92
249,Novo Aripuana,BR,2020-06-18 22:29:21,-5.12,-60.38,81.77,71,92,1.92
250,Korhogo,CI,2020-06-18 22:29:21,9.45,-5.63,75.49,85,100,8.14
251,Bengkulu,ID,2020-06-18 22:29:21,-3.8,102.27,75.2,89,99,4.56
252,Acarau,BR,2020-06-18 22:29:21,-2.89,-40.12,79.0,80,23,11.36
253,Saint George,US,2020-06-18 22:25:32,37.1,-113.58,89.6,9,1,10.29
254,Asuncion,PY,2020-06-18 22:28:44,-25.3,-57.64,78.8,69,75,4.7
255,Kavaratti,IN,2020-06-18 22:29:22,10.57,72.64,84.42,79,99,17.05
256,Sebrovo,RU,2020-06-18 22:29:22,50.1,43.3,72.0,61,23,5.99
257,Opuwo,NA,2020-06-18 22:28:26,-18.06,13.84,57.02,45,0,8.08
258,Borba,BR,2020-06-18 22:29:22,-4.39,-59.59,82.87,68,97,1.41
259,Wamba,NG,2020-06-18 22:29:23,8.93,8.6,72.19,92,97,1.54
260,Witu,KE,2020-06-18 22:29:23,-2.39,40.44,75.81,85,38,11.79
261,Vagur,FO,2020-06-18 22:29:23,61.47,-6.81,51.8,91,100,7.4
262,Rajauri,IN,2020-06-18 22:29:23,33.38,74.3,80.01,17,0,8.21
263,Iquitos,PE,2020-06-18 22:29:23,-3.75,-73.25,84.2,74,40,3.36
264,Okhotsk,RU,2020-06-18 22:26:30,59.38,143.3,47.21,88,92,2.66
265,Black River,JM,2020-06-18 22:29:24,18.03,-77.85,81.0,92,89,1.99
266,Santa Rosa,PH,2020-06-18 22:29:24,14.31,121.11,82.4,83,75,4.7
267,Cobija,BO,2020-06-18 22:29:24,-11.03,-68.77,82.42,61,13,3.02
268,Conde,BR,2020-06-18 22:29:24,-7.26,-34.91,73.4,100,90,1.12
269,Priyutnoye,RU,2020-06-18 22:29:24,46.1,43.51,75.0,41,82,13.0
270,Torbay,CA,2020-06-18 22:29:25,47.67,-52.73,66.99,68,90,13.87
271,Kieta,PG,2020-06-18 22:26:35,-6.22,155.63,82.71,74,0,0.67
272,Siteki,SZ,2020-06-18 22:28:38,-26.45,31.95,49.87,95,41,4.16
273,Kouango,CF,2020-06-18 22:29:26,4.99,19.96,71.78,80,100,1.23
274,Leningradskiy,RU,2020-06-18 22:29:26,69.38,178.42,45.63,58,55,6.69
275,Broome,US,2020-06-18 22:29:26,42.25,-75.83,69.01,93,90,9.17
276,Amahai,ID,2020-06-18 22:29:26,-3.33,128.92,82.0,98,67,1.01
277,Ingham,US,2020-06-18 22:29:26,42.6,-84.38,84.2,35,1,3.36
278,Laguna,US,2020-06-18 22:26:43,38.42,-121.42,97.0,11,1,6.93
279,Beringovskiy,RU,2020-06-18 22:29:27,63.05,179.32,51.31,51,0,2.75
280,Rawlins,US,2020-06-18 22:29:27,41.79,-107.24,66.2,19,1,9.17
281,Hokitika,NZ,2020-06-18 22:28:41,-42.72,170.97,51.35,62,76,7.4
282,Portland,US,2020-06-18 22:27:40,45.52,-122.68,80.01,29,75,9.17
283,Khandyga,RU,2020-06-18 22:29:28,62.67,135.6,69.21,53,89,3.4
284,Chumikan,RU,2020-06-18 22:29:28,54.72,135.31,40.05,93,100,5.68
285,Coquimbo,CL,2020-06-18 22:29:28,-29.95,-71.34,57.2,82,100,4.7
286,Osmena,PH,2020-06-18 22:29:28,10.52,119.93,83.61,74,100,6.08
287,Saldanha,ZA,2020-06-18 22:26:02,-33.01,17.94,53.6,66,0,4.7
288,Nemuro,JP,2020-06-18 22:29:29,43.32,145.57,54.41,94,96,5.68
289,San Andres,CO,2020-06-18 22:29:29,12.58,-81.7,86.0,70,40,11.41
290,Zhigansk,RU,2020-06-18 22:29:29,66.77,123.37,66.16,59,16,5.61
291,Thompson,CA,2020-06-18 22:29:29,55.74,-97.86,39.2,100,90,11.41
292,Codrington,AU,2020-06-18 22:29:29,-38.27,141.97,50.68,75,66,15.48
293,Puerto Palomas,MX,2020-06-18 22:29:29,31.77,-107.62,93.2,7,1,11.41
294,Sur,OM,2020-06-18 22:25:03,22.57,59.53,84.11,70,1,13.8
295,Havre-Saint-Pierre,CA,2020-06-18 22:29:30,50.23,-63.6,68.0,64,90,9.17
296,Nisia Floresta,BR,2020-06-18 22:29:30,-6.09,-35.21,73.4,94,75,6.93
297,South Venice,US,2020-06-18 22:29:30,27.05,-82.42,90.0,66,1,8.05
298,Tomatlan,MX,2020-06-18 22:29:30,19.93,-105.25,91.27,36,0,10.54
299,Ketchikan,US,2020-06-18 22:29:31,55.34,-131.65,57.2,100,90,32.21
300,Haines Junction,CA,2020-06-18 22:28:31,60.75,-137.51,56.89,56,100,4.65
301,Krasnoarmeysk,RU,2020-06-18 22:29:31,51.02,45.7,63.46,96,0,11.54
302,Ratnagiri,IN,2020-06-18 22:25:49,16.98,73.3,81.34,84,100,13.82
303,Scottsbluff,US,2020-06-18 22:29:31,41.87,-103.67,77.0,22,1,3.36
304,Hervey Bay,AU,2020-06-18 22:29:32,-25.3,152.85,62.01,94,10,11.01
305,Teahupoo,PF,2020-06-18 22:29:32,-17.83,-149.27,82.4,74,75,2.24
306,Los Llanos De Aridane,ES,2020-06-18 22:26:41,28.66,-17.92,71.6,73,9,14.99
307,Tibacuy,CO,2020-06-18 22:29:32,4.35,-72.46,79.65,83,93,7.92
308,Ribeira Brava,PT,2020-06-18 22:29:32,32.65,-17.07,69.8,73,20,8.05
309,Ponta Delgada,PT,2020-06-18 22:29:33,37.73,-25.67,64.4,72,75,5.82
310,Isangel,VU,2020-06-18 22:29:33,-19.55,169.27,78.8,69,75,13.65
311,Ilulissat,GL,2020-06-18 22:27:02,69.22,-51.1,33.8,100,90,4.7
312,San Carlos,VE,2020-06-18 22:29:33,9.66,-68.58,76.55,93,100,0.29
313,Abu Dhabi,AE,2020-06-18 22:27:49,24.47,54.37,88.0,74,0,3.36
314,Valparaiso,CL,2020-06-18 22:28:07,-33.04,-71.63,53.6,81,100,3.36
315,Galle,LK,2020-06-18 22:29:34,6.04,80.22,81.63,85,78,10.8
316,Iwanai,JP,2020-06-18 22:29:34,42.97,140.51,60.39,87,85,3.29
317,Suntar,RU,2020-06-18 22:29:34,62.14,117.63,54.16,90,21,3.22
318,Sa Kaeo,TH,2020-06-18 22:29:34,13.81,102.07,75.45,92,97,1.92
319,Santa Isabel,BR,2020-06-18 22:28:15,-23.32,-46.22,70.0,72,69,2.24
320,Poienile De Sub Munte,RO,2020-06-18 22:29:35,47.82,24.43,56.64,84,34,1.92
321,Camacha,PT,2020-06-18 22:24:47,33.08,-16.33,68.0,88,20,6.93
322,Manacapuru,BR,2020-06-18 22:29:35,-3.3,-60.62,84.2,70,20,9.17
323,Lagoa,PT,2020-06-18 22:26:10,39.05,-27.98,64.6,89,0,11.21
324,Necochea,AR,2020-06-18 22:29:36,-38.55,-58.74,48.99,90,1,4.0
325,Myaundzha,RU,2020-06-18 22:29:36,63.05,147.19,67.15,41,72,6.62
326,Olden,NO,2020-06-18 22:29:36,61.84,6.81,69.8,68,70,9.17
327,Baiao,BR,2020-06-18 22:29:36,-2.79,-49.67,81.7,68,74,2.15
328,Egvekinot,RU,2020-06-18 22:28:19,66.32,-179.17,59.85,34,100,0.76
329,Petropavlovsk-Kamchatskiy,RU,2020-06-18 22:29:37,53.05,158.65,42.8,100,90,4.47
330,San Lorenzo,PY,2020-06-18 22:24:49,-25.33,-57.53,78.8,69,75,4.7
331,Svetlograd,RU,2020-06-18 22:29:38,45.34,42.85,62.01,93,63,6.71
332,Waingapu,ID,2020-06-18 22:29:38,-9.66,120.26,75.43,84,5,11.12
333,Shadegan,IR,2020-06-18 22:29:38,30.65,48.66,87.8,33,0,9.17
334,Cabo San Lucas,MX,2020-06-18 22:29:38,22.89,-109.91,95.0,21,5,10.29
335,Vanimo,PG,2020-06-18 22:29:38,-2.67,141.3,79.59,81,10,4.65
336,Turtas,RU,2020-06-18 22:29:38,58.94,69.13,37.29,78,52,6.24
337,Altamont,US,2020-06-18 22:29:39,42.21,-121.74,77.0,17,1,9.17
338,Hostivice,CZ,2020-06-18 22:29:39,50.08,14.26,62.01,87,75,6.93
339,Vila,PT,2020-06-18 22:25:06,42.03,-8.16,60.01,76,0,8.05
340,Myitkyina,MM,2020-06-18 22:29:39,25.38,97.4,75.36,97,100,0.78
341,Alta Floresta,BR,2020-06-18 22:29:40,-9.88,-56.09,86.0,48,20,4.7
342,Solwezi,ZM,2020-06-18 22:29:40,-12.17,26.39,49.17,73,6,4.43
343,Smirnykh,RU,2020-06-18 22:29:40,49.75,142.83,47.14,93,100,3.96
344,Jiutai,CN,2020-06-18 22:29:40,44.15,125.83,60.8,77,0,2.24
345,Nalut,LY,2020-06-18 22:29:40,30.33,10.85,84.18,14,0,10.49
346,Solnechnyy,RU,2020-06-18 22:29:41,50.72,136.63,44.71,93,100,6.26
347,Kabelvag,NO,2020-06-18 22:29:41,68.21,14.48,48.0,75,0,1.99
348,Dongsheng,CN,2020-06-18 22:29:41,39.82,109.98,67.71,39,1,2.98
349,Avera,US,2020-06-18 22:26:44,33.19,-82.53,84.2,48,75,4.7
350,Souillac,MU,2020-06-18 22:28:21,-20.52,57.52,69.8,83,75,13.87
351,Tecozautla,MX,2020-06-18 22:29:42,20.53,-99.63,82.4,30,75,6.93
352,Mar Del Plata,AR,2020-06-18 22:29:19,-38.0,-57.56,54.0,87,40,8.05
353,Lorengau,PG,2020-06-18 22:26:26,-2.02,147.27,84.15,75,30,8.46
354,Hami,CN,2020-06-18 22:26:58,42.8,93.45,78.51,24,27,9.42
355,Chopinzinho,BR,2020-06-18 22:29:43,-25.86,-52.52,62.49,93,14,4.7
356,Teya,RU,2020-06-18 22:29:43,60.38,92.63,55.18,69,79,3.53
357,Ardmore,US,2020-06-18 22:29:43,34.17,-97.14,93.2,31,1,16.11
358,Ust-Barguzin,RU,2020-06-18 22:29:43,53.45,108.98,48.65,59,0,4.47
359,Uruzgan,AF,2020-06-18 22:29:43,32.83,66.0,68.72,23,0,5.93
360,Kiruna,SE,2020-06-18 22:29:44,67.86,20.23,48.2,66,0,9.17
361,Kununurra,AU,2020-06-18 22:29:44,-15.77,128.73,59.0,42,0,9.57
362,Kushima,JP,2020-06-18 22:29:44,31.46,131.23,82.4,74,75,21.92
363,Brae,GB,2020-06-18 22:29:44,60.4,-1.35,51.8,93,86,10.29
364,Nantucket,US,2020-06-18 22:26:47,41.28,-70.1,66.0,93,90,8.05
365,Peniche,PT,2020-06-18 22:29:45,39.36,-9.38,63.0,83,0,8.01
366,Narsaq,GL,2020-06-18 22:29:45,60.92,-46.05,44.6,73,75,12.75
367,Aquidauana,BR,2020-06-18 22:29:45,-20.47,-55.79,76.26,57,6,3.89
368,Manaquiri,BR,2020-06-18 22:29:45,-3.32,-60.35,84.2,74,40,4.7
369,Santa Lucia,ES,2020-06-18 22:29:45,27.91,-15.54,73.4,64,20,17.22
370,Yeppoon,AU,2020-06-18 22:29:46,-23.13,150.73,64.4,77,45,10.29
371,Saint-Francois,FR,2020-06-18 22:29:46,46.42,3.91,53.6,81,50,3.36
372,Puerto Ayacucho,VE,2020-06-18 22:29:46,5.66,-67.62,82.4,78,40,9.17
373,Brownsville,US,2020-06-18 22:25:20,25.9,-97.5,89.6,62,75,12.75
374,Kemin,KG,2020-06-18 22:29:46,42.78,75.69,54.03,55,45,3.36
375,Mudgee,AU,2020-06-18 22:29:25,-32.59,149.59,45.0,100,40,3.36
376,Kapuskasing,CA,2020-06-18 22:29:47,49.42,-82.43,87.8,31,20,16.11
377,Punta De Piedra,VE,2020-06-18 22:29:47,7.62,-71.49,70.38,96,100,4.09
378,Dicabisagan,PH,2020-06-18 22:29:47,17.08,122.42,80.13,82,22,4.14
379,Sumenep,ID,2020-06-18 22:29:48,-7.02,113.87,80.06,77,0,13.22
380,Naryan-Mar,RU,2020-06-18 22:28:41,67.67,53.09,45.39,58,98,8.57
381,Meulaboh,ID,2020-06-18 22:29:48,4.14,96.13,77.04,84,54,4.68
382,Ati,TD,2020-06-18 22:29:48,13.22,18.34,91.89,31,20,2.62
383,Vizinga,RU,2020-06-18 22:29:48,61.07,50.1,47.64,81,15,1.81
384,Kushalgarh,IN,2020-06-18 22:29:48,23.2,74.45,81.55,75,95,14.7
385,Victoria,HK,2020-06-18 22:29:49,22.29,114.16,84.0,79,65,5.01
386,Manono,CD,2020-06-18 22:29:49,-7.3,27.42,67.96,44,35,3.33
387,Boqueirao,BR,2020-06-18 22:29:49,-7.5,-36.13,69.51,89,5,7.85
388,Inuvik,CA,2020-06-18 22:29:49,68.35,-133.72,64.4,55,40,11.41
389,Illapel,CL,2020-06-18 22:27:50,-31.63,-71.17,58.89,49,100,3.18
390,Ust-Maya,RU,2020-06-18 22:26:46,60.42,134.53,65.12,62,0,5.75
391,Astana,KZ,2020-06-18 22:26:02,51.18,71.45,50.0,66,96,11.18
392,Jiangdu,CN,2020-06-18 22:29:50,32.43,119.56,64.63,89,2,4.94
393,Renqiu,CN,2020-06-18 22:29:50,38.7,116.09,71.73,59,2,3.2
394,Kavieng,PG,2020-06-18 22:29:50,-2.57,150.8,83.32,71,21,3.85
395,Yamada,JP,2020-06-18 22:29:51,39.47,141.95,64.98,75,100,2.95
396,Flin Flon,CA,2020-06-18 22:29:51,54.77,-101.86,41.0,86,90,12.75
397,Winschoten,NL,2020-06-18 22:29:19,53.14,7.03,62.01,88,100,2.98
398,Trapani,IT,2020-06-18 22:29:51,37.83,12.67,75.99,60,58,8.05
399,Saurimo,AO,2020-06-18 22:29:51,-9.66,20.39,57.88,59,11,3.87
400,Inyonga,TZ,2020-06-18 22:29:52,-6.72,32.07,61.39,59,1,5.57
401,Severo-Kurilsk,RU,2020-06-18 22:29:52,50.68,156.12,43.48,84,81,8.34
402,Barinas,VE,2020-06-18 22:29:52,8.62,-70.21,74.53,93,100,3.02
403,Sao Jose Da Coroa Grande,BR,2020-06-18 22:29:52,-8.9,-35.15,77.59,83,20,11.5
404,Saint-Augustin,CA,2020-06-18 22:26:02,51.23,-58.65,57.43,96,100,4.0
405,Helong,CN,2020-06-18 22:29:53,42.54,129.0,56.08,88,99,2.66
406,San Francisco,US,2020-06-18 22:29:09,37.77,-122.42,82.4,28,20,17.22
407,Kaka,TM,2020-06-18 22:29:53,37.35,59.61,78.22,17,0,8.32
408,Hof,DE,2020-06-18 22:29:53,50.32,11.92,55.0,97,99,3.0
409,Duluth,US,2020-06-18 22:28:28,46.78,-92.11,80.01,82,75,5.82
410,Rawson,AR,2020-06-18 22:25:56,-43.3,-65.1,56.12,48,96,16.42
411,Sechura,PE,2020-06-18 22:29:54,-5.56,-80.82,72.16,64,0,17.56
412,Noumea,NC,2020-06-18 22:28:55,-22.28,166.46,71.6,78,76,4.7
413,Matagami,CA,2020-06-18 22:29:54,49.75,-77.63,89.6,24,1,12.75
414,Pemberton,CA,2020-06-18 22:29:54,50.32,-122.8,77.0,38,40,5.82
415,Galesong,ID,2020-06-18 22:29:55,-5.32,119.37,77.0,100,90,2.24
416,Roebourne,AU,2020-06-18 22:29:55,-20.78,117.13,69.26,58,0,5.55
417,Siilinjarvi,FI,2020-06-18 22:29:55,63.08,27.67,60.8,72,0,5.82
418,Elizabeth City,US,2020-06-18 22:29:40,36.29,-76.25,80.01,65,40,8.05
419,Henties Bay,NA,2020-06-18 22:29:55,-22.12,14.28,73.0,38,0,11.07
420,Derzhavinsk,KZ,2020-06-18 22:29:56,51.1,66.32,51.26,58,56,9.15
421,Mahebourg,MU,2020-06-18 22:29:56,-20.41,57.7,69.8,83,75,13.87
422,Hamilton,US,2020-06-18 22:25:31,39.18,-84.53,79.0,78,20,3.36
423,Niteroi,BR,2020-06-18 22:25:54,-22.88,-43.1,75.0,69,36,4.7
424,Larreynaga,NI,2020-06-18 22:29:56,12.68,-86.57,84.2,74,40,4.7
425,Parintins,BR,2020-06-18 22:29:57,-2.63,-56.74,81.9,74,98,2.17
426,Sabang,ID,2020-06-18 22:29:57,5.89,95.32,82.85,74,78,9.28
427,Uporovo,RU,2020-06-18 22:29:57,56.31,66.27,40.42,86,3,5.82
428,Gravelbourg,CA,2020-06-18 22:29:57,49.88,-106.55,53.35,64,94,8.86
429,Honiara,SB,2020-06-18 22:28:21,-9.43,159.95,86.0,74,20,5.82
430,College,US,2020-06-18 22:29:58,64.86,-147.8,75.0,35,75,5.82
431,Ndele,CF,2020-06-18 22:29:58,8.41,20.65,70.5,93,90,5.12
432,Miandrivazo,MG,2020-06-18 22:29:58,-19.52,45.47,65.62,55,5,2.33
433,Fort Nelson,CA,2020-06-18 22:29:58,58.81,-122.7,75.2,47,75,3.36
434,Dekar,BW,2020-06-18 22:29:58,-21.53,21.93,47.84,52,0,7.54
435,Xining,CN,2020-06-18 22:29:59,36.62,101.77,55.69,57,85,3.27
436,Ostrovnoy,RU,2020-06-18 22:29:59,68.05,39.51,46.89,84,100,13.31
437,Santiago De Cuba,CU,2020-06-18 22:29:59,20.02,-75.82,84.2,74,75,8.05
438,Ibra,OM,2020-06-18 22:29:59,22.69,58.53,83.53,56,11,3.85
439,Dzhebariki-Khaya,RU,2020-06-18 22:29:59,62.22,135.8,68.31,53,59,4.5
440,Porto Novo,BJ,2020-06-18 22:29:01,6.5,2.6,77.0,100,40,4.7
441,Naples,IT,2020-06-18 22:29:21,40.83,14.25,71.01,72,0,3.36
442,Chapais,CA,2020-06-18 22:30:00,49.78,-74.85,91.4,24,1,12.75
443,Uspenka,UA,2020-06-18 22:30:00,48.39,39.16,69.44,57,99,7.4
444,Chateaubelair,VC,2020-06-18 22:30:00,13.28,-61.25,78.8,94,75,13.33
445,Kolvereid,NO,2020-06-18 22:30:01,64.87,11.6,49.42,91,11,9.24
446,Evensk,RU,2020-06-18 22:27:53,61.95,159.23,54.05,77,78,6.11
447,Pevek,RU,2020-06-18 22:26:05,69.7,170.31,41.27,70,23,9.01
448,San Quintin,MX,2020-06-18 22:30:01,30.48,-115.95,66.7,62,0,11.48
449,Hovd,MN,2020-06-18 22:28:11,48.01,91.64,60.08,35,100,8.9
450,New Ulm,US,2020-06-18 22:27:26,44.31,-94.46,77.0,88,90,9.01
451,San Carlos De Bariloche,AR,2020-06-18 22:30:02,-41.15,-71.31,41.0,80,75,12.75
452,Gwanda,ZW,2020-06-18 22:30:02,-20.93,29.0,48.87,94,21,4.18
453,Pakokku,MM,2020-06-18 22:30:02,21.33,95.1,80.01,76,94,12.19
454,Tessalit,ML,2020-06-18 22:28:39,20.2,1.01,94.96,10,0,10.69
455,Orocue,CO,2020-06-18 22:30:03,4.79,-71.34,74.62,94,100,4.99
456,Marawi,PH,2020-06-18 22:26:39,8.0,124.29,73.0,94,93,5.99
457,Dunedin,NZ,2020-06-18 22:26:35,-45.87,170.5,45.0,77,58,11.99
458,Krasyliv,UA,2020-06-18 22:30:03,49.65,26.97,61.2,92,66,6.38
459,Akdepe,TM,2020-06-18 22:30:04,42.06,59.38,69.8,49,3,4.7
460,Talaya,RU,2020-06-18 22:30:04,61.38,152.75,66.13,42,75,3.94
461,Kaeo,NZ,2020-06-18 22:30:04,-35.1,173.78,55.99,3,19,11.01
462,Husavik,IS,2020-06-18 22:30:04,66.04,-17.34,53.6,71,67,12.75
463,Lufilufi,WS,2020-06-18 22:30:04,-13.87,-171.6,75.0,94,83,4.0
464,Kawalu,ID,2020-06-18 22:30:05,-7.38,108.21,72.82,92,90,1.16
465,Belaya Gora,RU,2020-06-18 22:28:39,68.53,146.42,85.37,22,38,6.67
466,Bealanana,MG,2020-06-18 22:30:05,-14.55,48.73,59.11,88,97,10.51
467,Kilindoni,TZ,2020-06-18 22:30:05,-7.91,39.67,79.36,72,2,21.63
468,Samana,DO,2020-06-18 22:30:05,19.21,-69.34,86.0,74,20,6.93
469,Lewiston,US,2020-06-18 22:30:06,44.1,-70.21,86.0,45,1,10.29
470,Maragheh,IR,2020-06-18 22:30:06,37.39,46.24,71.6,30,0,9.17
471,Beyneu,KZ,2020-06-18 22:30:06,45.32,55.2,81.01,22,0,6.29
472,Puerto Lopez,CO,2020-06-18 22:30:06,4.08,-72.96,76.8,86,43,5.84
473,Verkhoyansk,RU,2020-06-18 22:30:06,67.54,133.38,81.91,24,0,1.16
474,Uchkeken,RU,2020-06-18 22:30:07,43.94,42.51,66.2,88,99,4.47
475,Mandera,KE,2020-06-18 22:30:07,3.94,41.87,78.66,67,45,19.33
476,Faanui,PF,2020-06-18 22:26:48,-16.48,-151.75,79.9,77,100,1.19
477,Kazachinskoye,RU,2020-06-18 22:26:48,57.7,93.28,55.94,94,100,2.48
478,Debre Zeyit,ET,2020-06-18 22:30:08,8.75,38.98,62.31,82,92,5.88
479,Gerash,IR,2020-06-18 22:30:08,27.67,54.14,89.6,33,0,6.93
480,Saint Stephen,GB,2020-06-18 22:30:08,50.33,-4.9,59.0,93,100,13.87
481,Tay Ninh,VN,2020-06-18 22:30:08,11.3,106.1,77.9,89,94,4.47
482,Carutapera,BR,2020-06-18 22:30:08,-1.2,-46.02,75.7,93,77,7.16
483,Saint-Georges,GD,2020-06-18 22:29:48,12.06,-61.75,80.6,88,40,14.99
484,Gravdal,NO,2020-06-18 22:30:09,68.12,13.5,46.71,82,7,18.3
485,Hirara,JP,2020-06-18 22:28:36,24.8,125.28,84.2,89,75,18.34
486,Sayat,TM,2020-06-18 22:30:09,38.78,63.88,66.2,45,0,6.93
487,Norman Wells,CA,2020-06-18 22:29:28,65.28,-126.83,78.8,34,75,10.29
488,The Valley,AI,2020-06-18 22:26:49,18.22,-63.06,84.2,66,40,16.11
489,Bonthe,SL,2020-06-18 22:30:10,7.53,-12.51,78.3,88,98,11.97
490,Magadan,RU,2020-06-18 22:30:10,59.57,150.8,55.24,75,9,2.89
491,Chengde,CN,2020-06-18 22:30:10,40.97,117.94,69.13,62,90,1.23
492,Sal Rei,CV,2020-06-18 22:28:38,16.18,-22.92,77.0,78,40,24.16
493,Bugarama,TZ,2020-06-18 22:30:11,-2.87,30.53,59.74,76,32,2.46
494,Tolaga Bay,NZ,2020-06-18 22:30:11,-38.37,178.3,58.46,90,100,16.67
495,Lujan,AR,2020-06-18 22:30:03,-34.57,-59.1,60.01,82,95,1.99
496,Casian,PH,2020-06-18 22:30:11,11.04,119.71,83.68,73,100,6.2
497,Prince Rupert,CA,2020-06-18 22:30:11,54.32,-130.32,59.0,87,90,16.11
498,Hasaki,JP,2020-06-18 22:26:05,35.73,140.83,66.0,100,75,6.93
499,Steamboat Springs,US,2020-06-18 22:30:12,40.48,-106.83,68.0,28,1,8.28
500,Mount Gambier,AU,2020-06-18 22:29:24,-37.83,140.77,51.8,71,41,18.34
501,Hay River,CA,2020-06-18 22:30:12,60.82,-115.8,77.0,41,20,8.05
502,Garissa,KE,2020-06-18 22:30:12,-0.45,39.64,75.78,72,87,18.34
503,Sawakin,SD,2020-06-18 22:30:13,19.11,37.33,90.57,20,24,6.04
504,Sept-Iles,CA,2020-06-18 22:28:43,50.2,-66.38,84.0,54,75,8.05
505,Honningsvag,NO,2020-06-18 22:28:34,70.98,25.97,42.8,87,75,18.34
506,Kensington,AU,2020-06-18 22:30:13,-33.92,151.22,52.0,81,20,6.93
507,Naze,JP,2020-06-18 22:30:13,28.37,129.48,84.2,74,75,16.11
508,Norilsk,RU,2020-06-18 22:30:14,69.35,88.2,42.8,81,96,13.42
509,Tula,RU,2020-06-18 22:27:12,54.2,37.61,67.69,82,24,3.2
510,Vila Velha,BR,2020-06-18 22:27:05,-20.33,-40.29,71.01,94,3,2.24
511,Salisbury,GB,2020-06-18 22:30:14,51.07,-1.8,57.2,93,90,11.41
512,Bitung,ID,2020-06-18 22:30:14,1.45,125.18,75.2,94,20,1.12
513,Morgan City,US,2020-06-18 22:30:15,29.7,-91.21,90.0,58,90,5.82
514,Antofagasta,CL,2020-06-18 22:25:38,-23.65,-70.4,59.0,82,20,9.17
515,Palmer,US,2020-06-18 22:30:15,42.16,-72.33,82.4,54,40,5.82
516,Simi,SL,2020-06-18 22:30:15,9.57,-12.35,75.88,94,99,3.38
517,Ornskoldsvik,SE,2020-06-18 22:30:15,63.29,18.72,59.0,82,5,4.7
518,Zarubino,RU,2020-06-18 22:30:15,42.63,131.09,57.72,83,80,4.56
519,Belawan,ID,2020-06-18 22:30:16,3.78,98.68,77.0,100,40,3.36
520,Cockburn Town,TC,2020-06-18 22:27:20,21.46,-71.14,86.0,66,40,13.87
521,Limulunga,ZM,2020-06-18 22:30:16,-15.1,23.14,52.74,60,0,7.14
522,Urucara,BR,2020-06-18 22:30:16,-2.54,-57.76,77.36,89,63,0.6
523,Takoradi,GH,2020-06-18 22:30:16,4.88,-1.76,77.34,86,100,7.36
524,Flinders,AU,2020-06-18 22:30:17,-34.58,150.86,51.01,91,6,1.99
525,Verkhnetulomskiy,RU,2020-06-18 22:30:17,68.61,31.8,44.6,93,75,4.47
526,Zhukovo,RU,2020-06-18 22:30:17,55.03,36.74,70.0,93,29,2.24
527,Vestmanna,FO,2020-06-18 22:30:17,62.16,-7.17,50.0,93,94,5.82
528,Atar,MR,2020-06-18 22:30:17,20.52,-13.05,97.18,18,0,10.13
529,Tezze Sul Brenta,IT,2020-06-18 22:30:18,45.69,11.7,66.0,64,35,3.29
530,Kiunga,PG,2020-06-18 22:30:18,-6.12,141.29,76.42,94,91,3.76
531,Hammerfest,NO,2020-06-18 22:30:18,70.66,23.68,41.0,93,75,24.16
532,San Lawrenz,MT,2020-06-18 22:30:18,36.06,14.2,75.0,83,24,9.17
533,Canavieiras,BR,2020-06-18 22:30:18,-15.68,-38.95,73.83,91,29,10.22
534,Gushikawa,JP,2020-06-18 22:30:19,26.35,127.87,84.0,88,75,19.46
535,Gamboma,CG,2020-06-18 22:30:19,-1.88,15.86,74.66,57,90,2.82
536,Paraiso,CR,2020-06-18 22:30:19,9.84,-83.87,77.0,78,75,8.05
537,Bam,IR,2020-06-18 22:30:19,29.11,58.36,84.13,13,15,1.36
538,Marabba,SD,2020-06-18 22:30:19,12.35,32.18,79.65,68,86,19.24
539,Turayf,SA,2020-06-18 22:30:20,31.67,38.66,69.8,56,0,9.17
540,Bousso,TD,2020-06-18 22:30:20,10.48,16.71,80.1,65,72,1.7
541,Vysokogornyy,RU,2020-06-18 22:30:20,50.12,139.15,45.99,94,100,3.22
542,Caconda,AO,2020-06-18 22:30:20,-13.73,15.07,51.19,60,0,5.32
543,Irricana,CA,2020-06-18 22:30:20,51.32,-113.6,60.01,63,100,4.0
544,Moron,AR,2020-06-18 22:28:25,-34.65,-58.62,61.0,80,70,5.97
545,Kuytun,RU,2020-06-18 22:30:21,54.34,101.5,56.44,71,59,6.87
546,Katghora,IN,2020-06-18 22:30:21,22.5,82.55,79.95,69,96,2.66
547,Khandbari,NP,2020-06-18 22:30:21,27.37,87.2,74.1,76,100,0.56
548,Awjilah,LY,2020-06-18 22:30:21,29.11,21.29,78.42,24,0,7.49
549,Bonavista,CA,2020-06-18 22:30:22,48.65,-53.11,55.0,81,100,3.0
550,Cruzeiro Do Sul,BR,2020-06-18 22:28:46,-29.51,-51.99,69.84,88,90,5.01
551,Zemio,CF,2020-06-18 22:26:23,5.03,25.14,67.06,98,100,1.95
552,Hanusovice,CZ,2020-06-18 22:30:22,50.08,16.94,62.01,67,98,5.99
553,Mazatlan,MX,2020-06-18 22:29:48,23.22,-106.42,87.8,58,20,10.29
554,Manokwari,ID,2020-06-18 22:30:23,-0.87,134.08,82.42,66,1,3.04
555,Padang,ID,2020-06-18 22:30:23,-0.95,100.35,77.52,78,97,3.47
556,Arlit,NE,2020-06-18 22:30:23,18.74,7.39,94.51,10,0,6.67
557,Puerto Lempira,HN,2020-06-18 22:30:23,15.27,-83.77,86.0,74,75,8.05
558,Bathsheba,BB,2020-06-18 22:26:17,13.22,-59.52,80.6,88,40,13.87
559,Pascagoula,US,2020-06-18 22:27:39,30.37,-88.56,87.8,55,20,9.17
560,Grass Valley,US,2020-06-18 22:30:24,39.22,-121.06,87.01,21,1,9.17
561,Den Helder,NL,2020-06-18 22:30:24,52.96,4.76,61.0,82,90,5.82
562,Airai,TL,2020-06-18 22:29:06,-8.93,125.41,58.95,100,78,4.81
563,Faya,SA,2020-06-18 22:30:24,18.39,42.45,75.2,46,98,2.62
564,Gorontalo,ID,2020-06-18 22:28:26,0.54,123.06,74.52,88,75,2.13
565,Seydisehir,TR,2020-06-18 22:30:25,37.42,31.85,55.96,75,55,1.88
566,Bafq,IR,2020-06-18 22:30:25,31.61,55.41,82.31,14,28,4.54
567,Esmeraldas,BR,2020-06-18 22:30:25,-19.76,-44.31,62.6,72,9,9.17
568,Mandiana,GN,2020-06-18 22:30:26,10.63,-8.68,71.37,87,100,9.46
569,Hofn,IS,2020-06-18 22:28:36,64.25,-15.21,49.26,86,0,2.84
570,San Angelo,US,2020-06-18 22:27:49,31.46,-100.44,95.0,38,20,12.75
571,Biak,ID,2020-06-18 22:28:13,-0.91,122.88,77.07,82,97,7.16
572,Pauini,BR,2020-06-18 22:30:26,-7.71,-66.98,77.13,76,17,0.27
573,Tecoanapa,MX,2020-06-18 22:30:27,16.52,-98.75,86.27,66,57,10.51
574,Penzance,GB,2020-06-18 22:30:27,50.12,-5.54,59.0,87,100,13.87
575,Richards Bay,ZA,2020-06-18 22:30:27,-28.78,32.04,58.17,83,100,3.94
576,Comodoro Rivadavia,AR,2020-06-18 22:25:32,-45.87,-67.5,53.6,54,58,6.93
577,Paamiut,GL,2020-06-18 22:30:27,61.99,-49.67,39.54,84,45,15.75
578,Watertown,US,2020-06-18 22:28:11,42.37,-71.18,89.01,43,20,11.41
579,Yumen,CN,2020-06-18 22:30:28,40.28,97.2,72.25,20,7,7.05
